User Text,ID,Admiration,Approval,Caring,Desire,Curiosity,Excitement,Gratitude,Joy,Love,Optimism,Pride,Relief,Anger,Annoyance,Disappointment,Disapproval,Embarrassment,Grief,Nervousness,Remorse,Sadness,Confusion,Fear,Realization,Surprise,Negative,Positive,Neutral,Context,Desired Art,Model Response,Comfort,Inspire,Encourage,Balance,Redirect,Calm,Empathize,ArtID
Art is stupid!,,0,0,0,0,0,0,0,0,0,0,0,0,0,1,0,1,0,0,0,0,0,1,0,0,0,1,0,0,,,,,,,,,,,
Art is stupid.,,0,0,0,0,0,0,0,0,0,0,0,0,0,1,0,1,0,0,0,0,0,1,0,0,0,1,0,1,,,,,,,,,,,
Art is wonderful!,,1,1,0,0,0,1,0,1,0,0,0,0,0,0,0,0,0,0,0,0,0,0,0,0,0,0,1,0,,,,,,,,,,,
Art is wonderful.,,0,0,0,0,0,0,0,1,0,0,0,0,0,0,0,0,0,0,0,0,0,0,0,0,0,0,1,0,,,,,,,,,,,
Art’s stupid!,,0,0,0,0,0,0,0,0,0,0,0,0,0,1,0,1,0,0,0,0,0,1,0,0,0,1,0,0,,,,,,,,,,,
Art’s stupid.,,0,0,0,0,0,0,0,0,0,0,0,0,0,1,0,1,0,0,0,0,0,1,0,0,0,1,0,1,,,,,,,,,,,
Art’s wonderful!,,1,1,0,0,0,1,0,1,0,0,0,0,0,0,0,0,0,0,0,0,0,0,0,0,0,0,1,0,,,,,,,,,,,
Art’s wonderful.,,0,0,0,0,0,1,0,1,0,0,0,0,0,0,0,0,0,0,0,0,0,0,0,0,0,0,1,0,,,,,,,,,,,
Class was great!,,1,1,0,0,0,0,0,1,0,1,0,0,0,0,0,0,0,0,0,0,0,0,0,0,0,0,1,0,"User finished a busy, balanced class.",,Nothing like a solid class! Here's some positive vibes to keep up the momentum!,,,,,,,,"BEghMxjPmigKpRUY0B6x, ECv9xW9u10JBogZctA4x"
Class was great!,,1,1,0,0,0,0,0,1,0,1,0,0,0,0,0,0,0,0,0,0,0,0,0,0,0,0,1,1,"User finished a hard, exhausting class","User is seeking art that reminds them of the success found from hard, passionate studying and effort. Encouraging them to continue the journey of learning.",Nothing like a solid class! Here's some positive vibes to keep up the momentum!,,,,,,,,BEghMxjPmigKpRUY0B6x
Class was great.,,0,0,0,0,0,0,0,1,0,1,0,0,0,0,0,0,0,0,0,0,0,0,0,0,0,0,1,1,"User finished an easy, average day of class.","User is seeking art that reminds them of the success found from hard, passionate studying and effort. Encouraging them to continue the journey of learning.",Nothing like a solid class! Here's some positive vibes.,,,,,,,,BEghMxjPmigKpRUY0B6x
Class was horrible today.,,0,0,0,0,0,0,0,0,0,0,0,0,0,1,1,1,0,0,0,0,0,0,0,0,0,1,0,0,"User finished a negative, hard class today.",User is seeking art that will balance their energy and stabilize their nervous system. Natural scenes and quiet locales.,Oh no! Nothing like a hard class. Whether that’s a lack of energy or just not being interested in the subject matter; it happens! ,1,0,1,1,0,0,1,Curiosity piece
Class was horrible today.,,0,0,0,0,0,0,0,0,0,0,0,0,0,1,1,1,0,0,0,0,0,0,0,0,0,1,0,0,"User finished a negative, hard class today.",User is seeking art that will balance their energy and stabilize their nervous system. Natural scenes and quiet locales.,"The journey of education certainly isn’t easy; and it’s easy to forget that being a successful student will take diligent effort. However, it’s always good to rest and stabilize when needed.",1,0,0,1,0,1,1,Curiosity piece
Everything feels perfectly balanced today.,,0,1,0,0,0,0,1,1,0,0,0,1,0,0,0,0,0,0,0,0,0,0,0,0,0,0,1,0,User has had a good day and/or experience today.,,Here's a harmonious piece to complement your balanced mood.,,,,,,,,HfFQTCaopQ8cK8mCXY4H
Excited for the possibilities of a new day!,,0,0,0,1,0,0,0,1,0,1,0,0,0,0,0,0,0,0,0,0,0,0,0,0,0,0,1,0,"User is waking up, feeling motivated to start a new day!",User is seeking art that has movement and energy; keeping them motivated. ,Start your day with this inspiring artwork.,,,,,,,,BEghMxjPmigKpRUY0B6x
Feeling blue…,,0,0,0,0,0,0,0,0,0,0,0,0,0,0,1,0,0,0,0,0,1,0,1,0,0,1,0,0,User is stuck in a cycle of negativity and needs validation and comfort.,User is seeking art that will help them move through their feelings and bring up what is unknown in order to break the cycle. Art that will make one feel; but will help them move through it with action.,"Aw, I invite you to take time processing that through art and maybe some journaling.",,,,,,,,Ibs2vCic2ZjxsRlkAFWC
Feeling blue…,,0,0,0,0,0,0,0,0,0,0,0,0,0,0,1,0,0,0,0,0,1,0,0,0,0,1,0,0,User is stuck in a cycle of negativity and needs validation and comfort.,User is seeking art that will help them move through their feelings and bring up what is unknown in order to break the cycle. Art that will make one feel; but will help them move through it with action.,Sometimes events can really shift our energy and get us stuck in a cycle. Maybe this art can help you process what’s happening and provide some comfort.,,,,,,,,Ibs2vCic2ZjxsRlkAFWC
Feeling hopeful about the future.,,0,0,0,1,0,0,1,0,0,1,0,0,0,0,0,0,0,0,0,0,0,0,0,0,0,0,1,0,User is in the middle of their day; feeling hopeful possibly due to some positive news or event during the day.,User is seeking art that has movement and energy; keeping them motivated. ,Here's a piece that symbolizes the bright future ahead!,,,,,,,,BEghMxjPmigKpRUY0B6x
Feeling lost…,,0,0,0,0,0,0,0,0,0,0,0,0,0,0,0,0,0,0,0,0,1,0,1,0,0,1,0,1,"User is needing to process feelings of no direction, or feeling regretful.",,It can be easy to lose our northstar. In these times they can often be great to use our friends and a families as reminders of while we do what we do.,,,,,,,,
Feeling meditative and introspective.,,0,0,0,0,0,0,0,0,0,0,0,0,0,0,0,0,0,0,0,0,0,0,0,0,0,0,1,1,User’s day has made them feel collected and calm. ,"User is seeking art that reminds them of times of peace and tranquility. Natural, playful scenes that bring a sense of delight and calm.",Take a moment to focus with this contemplative piece.,,,,,,,,HfFQTCaopQ8cK8mCXY4H
Free Palestine!,,0,0,0,1,0,0,0,0,0,0,1,0,1,1,1,1,0,1,0,1,1,1,1,0,0,1,1,1,User finds the injustices of the world to be overwhelming; they are very angry and are willing to fight for what they believe in.,User is seeking art that calls people to action.,100%! From the river to the sea!,,,,,,,,ECv9xW9u10JBogZctA4x
Free Palestine.,,0,0,0,1,0,0,0,0,0,0,1,0,0,1,0,0,0,1,0,1,1,0,1,0,0,1,1,1,User finds the injustices of the world to be overwhelming; they are very angry and are willing to fight for what they believe in.,User is seeking art that calls people to action.,100%! From the river to the sea!,,,,,,,,ECv9xW9u10JBogZctA4x
Free Palestine!,,0,0,0,1,0,0,0,0,0,0,1,0,1,1,0,0,0,1,0,1,1,0,1,0,0,1,1,1,User finds the injustices of the world to be overwhelming; they are very angry and are willing to fight for what they believe in.,User is seeking art that calls people to action.,100%! From the river to the sea!,,,,,,,,ECv9xW9u10JBogZctA4x
Freedom now!,,0,0,0,1,0,0,0,0,0,0,1,0,1,1,1,1,0,1,0,1,1,1,1,0,0,0,1,1,User finds the injustices of the world to be overwhelming; but still finds hope and motivation to fight for what they believe in.,User is seeking art that calls people to action.,,,,,,,,,ECv9xW9u10JBogZctA4x
"Freedom, now.",,0,0,0,1,0,0,0,0,0,0,1,0,0,1,1,1,0,1,0,1,1,0,1,0,0,0,1,1,User finds the injustices of the world to be overwhelming; but still finds hope and motivation to fight for what they believe in.,User is seeking art that calls people to action.,,,,,,,,,ECv9xW9u10JBogZctA4x
"Freedom, now!",,0,0,0,1,0,0,0,0,0,1,1,0,0,1,1,1,0,1,1,1,1,1,1,0,0,1,1,1,User finds the injustices of the world to be overwhelming and is longing for a better place to exist; they are in need of support and solidarity.,User is seeking art that calls people to action.,,,,,,,,,ECv9xW9u10JBogZctA4x
Freedom!,,0,0,0,1,0,0,0,0,0,1,1,0,0,1,1,1,0,1,0,1,1,0,1,0,0,1,1,1,User finds the injustices of the world to be overwhelming and is longing for a better place to exist; they are in need of support and solidarity.,User is seeking art that calls people to action.,,,,,,,,,ECv9xW9u10JBogZctA4x
Give me something cool.,,0,0,0,1,0,0,0,0,0,0,0,0,0,0,0,0,0,0,0,0,0,0,0,0,0,0,1,0,User wants to see something interesting. They are feeling curious.,,,,,,,,,,
I am feeling angry.,,0,0,0,0,0,0,0,0,0,0,0,0,1,1,1,1,0,0,0,0,0,0,0,0,0,1,0,0,User is feeling violated and needs to process those emotions.,"User is seeking art that will encourage reflection on what is going well in their life, and motivate them to move through what they are feeling at their own pace. Art that will soothe.",,,,,,,,,
I am feeling angry.,,0,0,0,0,0,0,0,0,0,0,0,0,1,1,1,0,1,0,0,1,0,0,0,1,1,1,0,0,User is feeling violated and needs to process those emotions.,"User is seeking art that will encourage reflection on what is going well in their life, and motivate them to move through what they are feeling at their own pace. Art that will soothe.",,,,,,,,,
I am feeling annoyed.,,0,0,0,0,0,0,0,0,0,0,0,0,0,1,0,1,0,0,0,0,0,0,0,1,1,1,0,1,User is destabilized from an event and needs support to feel balanced again.,"User is seeking art that will encourage reflection on what is going well in their life, and motivate them to move through what they are feeling at their own pace. Art that will soothe.",,,,,,,,,
I am feeling bad.,,0,0,0,0,0,0,0,0,0,0,0,0,0,1,1,0,0,0,0,0,1,0,0,0,0,1,0,0,User is stuck in a cycle of negativity and needs validation and comfort.,"User is seeking art that will encourage reflection on what is going well in their life, and motivate them to move through what they are feeling at their own pace. Art that will soothe and encourage.",,,,,,,,,
I am feeling bummed.,,0,0,0,0,0,0,0,0,0,0,0,0,0,0,1,0,0,0,0,1,0,0,0,0,0,1,0,1,User is needing to process some negative emotions.,,,,,,,,,,
I am feeling curious.,,0,0,0,1,1,1,0,0,0,0,0,0,0,0,0,0,0,0,0,0,0,0,0,0,0,0,1,1,User is feeling curious and full of thoughts period.,User is seeking art that challenges thinking and provokes thought.,,,,,,,,,
I am feeling depressed.,,0,0,0,0,0,0,0,0,0,0,0,0,0,0,1,0,0,1,0,1,1,1,0,0,0,1,0,0,User is stuck in a cycle of negativity and needs validation and comfort.,User is seeking art that will help them move through their feelings and bring up what is unknown in order to break the cycle. Art that will make one feel; but will help them move through it with action.,,,,,,,,,
I am feeling eager.,,0,0,0,1,0,1,0,1,0,1,0,0,0,0,0,0,0,0,0,0,0,0,0,0,0,0,1,1,User is ready to take on their goals.,,,,,,,,,,
I am feeling excited.,,0,0,0,1,0,1,0,1,0,1,0,0,0,0,0,0,0,0,0,0,0,0,0,0,0,0,1,0,User is happy and ready for whatever they are about to do.,User is seeking art that has movement and energy; keeping them motivated. ,,,,,,,,,
I am feeling exhausted and sad.,,0,0,0,0,0,0,0,0,0,0,0,0,0,0,0,0,0,0,0,0,0,0,0,0,0,1,0,1,"User is needing to find rest, balance, and support to process the negative feelings.","User is seeking art that will motivate, encourage, and energize them to move through the rest of the day. Something with energy, that will also balance them.",,,,,,,,,
I am feeling exhausted.,,0,0,0,0,0,0,0,0,0,0,0,0,0,0,0,0,0,0,0,0,0,0,0,0,0,0,0,1,User is needing to find rest and balance.,"User is seeking art that will motivate, and energize them to move through the rest of the day. Something with movement and energy!",,,,,,,,,
I am feeling frustrated.,,0,0,0,0,0,0,0,0,0,0,0,0,0,0,0,0,0,0,0,0,0,0,0,0,0,1,0,0,User is possibly feeling unseen and/or unheard. Needing to feel supported and heard.,User is seeking art that will help them feel less stuck in a cycle.,You can really suck to feel stuck on something. Maybe it's a good idea to take a walk? I invite you to take a look at this art.,,,,,,,,
I am feeling good.,,0,0,0,1,1,0,1,1,0,1,1,0,0,0,0,0,0,0,0,0,0,0,0,0,0,0,1,0,User is generally feeling well.,User is seeking art that keeps them motivated. ,,,,,,,,,
I am feeling hopeful.,,0,0,0,0,0,1,1,0,0,1,0,0,0,0,0,0,0,0,0,0,0,0,0,0,0,0,1,0,User is in the middle of their day; feeling hopeful possibly due to some positive news or event during the day.,,,,,,,,,,
I am feeling hungry.,,0,0,0,0,0,0,0,0,0,0,0,0,1,1,0,0,0,0,0,1,1,0,0,0,0,1,0,1,User is finding it difficult to take care of their needs and could use some support in gaining energy to take care of themselves.,,,,,,,,,,
I am feeling insecure.,,0,0,0,0,,0,0,0,0,0,0,0,,,,,,,,,,,,,,1,0,0,User is stuck in a cycle of negativity and needs validation.,User is seeking art that will balance their energy and stabilize their nervous system. Natural scenes and quiet locales. References of self love and care.,,,,,,,,,
I am feeling loved.,,,,1,,,,,1,1,,,,,,,,,,,,,,,,,0,1,0,"User is feeling appreciated, loved, and supported.",,,,,,,,,,
I am feeling low.,,0,0,0,0,,0,0,0,0,0,0,0,,,,,,,,,,,,,,1,0,0,User is stuck in a cycle of negativity and needs validation and comfort.,User is seeking art that will help them move through their feelings and bring up what is unknown in order to break the cycle. Art that will make one feel; but will help them move through it with action.,,,,,,,,,
I am feeling melancholy.,,0,0,0,0,,0,0,0,0,0,0,0,,,,,,,,,,,,,,1,0,0,User is stuck in a cycle of negativity and needs encouragement.,User is seeking art that will help them move through their feelings and bring up what is unknown in order to break the cycle. Art that will make one feel; but will help them move through it with action.,,,,,,,,,
I am feeling motivated.,,,,,1,,1,,,,1,,,,,,,,,,,,,,,,0,1,0,User is happy and ready for whatever they are about to do.,User is seeking art that keeps them motivated. ,,,,,,,,,
I am feeling nostalgic.,,0,0,0,0,,0,0,0,0,0,0,0,,,,,,,,,,,,,,0,1,1,User is reflecting on the past and having positive thoughts along with the memories.,,,,,,,,,,
I am feeling nostalgic.,,,,,,,,,,,,,,,,,,,,,,,,,,,1,1,1,User is reflecting on the past but having some negative thoughts along with the memories.,,,,,,,,,,
I am feeling sad.,,0,0,0,0,,0,0,0,0,0,0,0,,,,,,,,,,,,,,1,0,0,User is needing to process some negative emotions.,User is seeking art that will help them move through their feelings and bring up what is unknown in order to break the cycle. Art that will make one feel; but will help them move through it with action.,,1,0,0,1,1,0,1,
I am feeling safe.,,,,1,,,,,,,,,1,,,,,,,,,,,,,,0,1,0,User is feeling supported and cared for.,,,,,,,,,,
I am feeling stressed.,,0,0,0,0,,0,0,0,0,0,0,0,,,,,,,1,,,1,1,,,1,0,0,User if feeling overwhelmed and emotionally low.,User is seeking art that will balance their energy and stabilize their nervous system. Natural scenes and quiet locales.,,,,,,,,,
I am feeling tired.,,0,0,0,0,,0,0,0,0,0,0,0,,,,,,,,,,,,,,1,0,1,"User is needing to find rest, balance, and a quiet space.",User is seeking art that will recharge and balance them.,Now is the time for rest care and relaxation. May these pieces of art invite you to a place of recharge.,,,,,,,,
I am feeling unsafe.,,0,0,0,0,,0,0,0,0,0,0,0,,,,,,,,,,,1,1,1,1,0,0,User is feeling unsafe and is in need of comfort and a sense of safety.,User is seeking art that will bring them security and stabilization.,Losing one’s sense of safety is never a good feeling. May I invite you to find a safe space where this art is located?,,,,,,,,
I am feeling weary.,,,,,,,,,,,,,,,,,,,,,,,,,,,1,0,1,User is feeling unsure about the day and doesn't know what to do.,,,,,,,,,,
I am feeling wistful.,,,,,,,,,,,,,,,,,,,,,,,,,,,1,0,1,User is feeling regretful about the past. ,,,,,,,,,,
I am hoping for a better world.,,0,0,0,0,,0,0,0,0,0,0,0,,,,,,,,,,,,,,1,0,1,User finds the injustices of the world to be overwhelming; but still finds hope and motivation to fight for what they believe in.,,"It would truly be nice to live in the world that respects all life and people. Although it seems daunting, we can certainly gather his community in conquer of our problems without the hand of fascism. We will get there.",,,,,,,,
I am mad!,,0,0,0,0,,0,0,0,0,0,0,0,,,,,,,,,,,,,,1,0,0,User is feeling violated and needs to process those emotions.,"User is seeking art that will encourage reflection on what is going well in their life, and motivate them to move through what they are feeling at their own pace. Art that will soothe.",,0,0,0,0,1,1,0,
I am yearning for a better world.,,0,0,0,0,,0,0,0,0,0,0,0,,,,,,,,,,,,,,1,0,1,User finds the injustices of the world to be overwhelming; but still finds hope and motivation to fight for what they believe in.,,"It would truly be nice to live in the world that respects all life and people. Although it seems daunting, we can certainly gather his community in conquer of our problems without the hand of fascism.",,,,,,,,
I enjoyed going out.,,,,,1,,,1,1,,,,,,,,,,,,,,,,,,0,1,0,,,,,,,,,,,
I feel anxious!,,0,0,0,0,,0,0,0,0,0,0,0,,1,,,,,1,,,1,1,,,1,0,0,User if feeling overwhelmed and emotionally low. ,User is seeking art that will balance their energy and stabilize their nervous system. Natural scenes and quiet locales.,Losing one’s sense of stability can be a terrible feeling. May I invite you to look at some art that can help you stabilize?,,,,,,,,
I feel anxious.,,0,0,0,0,,0,0,0,0,0,0,0,,,,,,,1,,,1,1,,,1,0,0,User if feeling overwhelmed and emotionally low.,User is seeking art that will balance their energy and stabilize their nervous system. Natural scenes and quiet locales.,,,,,,,,,
I feel grateful.,,,,,,,,1,1,,,,1,0,0,0,0,0,0,0,0,0,0,0,0,0,0,1,0,User is reflecting on the positivity in their life.,,Gratitude is the key to happiness.,,,,,,,,BEghMxjPmigKpRUY0B6x
I feel nostalgic thinking about the past.,,0,0,0,0,1,0,0,0,0,0,0,0,,,,,,,,1,,,,1,,1,1,1,User is thinking about the past and feeling reflective. ,,Let this artwork take you on a journey through memories.,,,,,,,,VTD3CSIMGUjmszBwGsij
I feel ready for anything!,,,,,,,1,,,,1,,,,,,,,,,,,,,,,0,1,0,User is feeling confident and ready to take on anything. ,User is seeking art with energy and movement that motivates them to live life to the fullest!,I hope this art can be an extra charge to your energy!,,,,,,,,TbdFRlmPgNrWwrD5jyjM
I feel so calm and serene right now.,,,,,,,,1,,,,,1,,,,,,,,,,,,,,0,1,0,User is feeling at peace and balanced.,,Enjoy this piece that perfectly captures the tranquility you're feeling.,,,,,,,,HfFQTCaopQ8cK8mCXY4H
I hope I pass the test!,,,,,1,,,,,,1,,,,,,,,,,,,,1,,,0,1,0,User has a test coming up and they are feeling mostly positive about what the outcome will be.,"User is seeking art that reminds them of the success found from hard, passionate studying and effort. Encouraging them to continue the journey of learning.",,,,,,,,,
I hope I pass the test.,,0,0,0,0,,0,0,0,0,0,0,0,,,,,,,,,,,1,,,0,0,1,User has a test coming up and they are feeling negative about what the outcome will be.,,,,,,,,,,
I hope I pass the test…,,0,0,0,0,,0,0,0,0,0,0,0,,,,,,,,,,,1,,,1,0,1,User has a test coming up and they are feeling negative about what the outcome will be.,,,,,,,,,,
I learned something interesting today!,,1,1,,,,1,,1,,,,,,,,,,,,,,,,,,0,1,0,,,,,,,,,,,
I love being queer!,,1,1,,,,,,,1,,1,,,,,,,,,,,,,,,0,1,0,"User identifies as queer and is happy and proud to express themselves and be themselves. They are seeking validation, solidarity and encouragement.",,Yes!! Pride! It’s so beautiful to love oneself. This is the foundation of happiness.,,,,,,,,"ttM3fSlVBEKsBKgpDDFy, BEghMxjPmigKpRUY0B6x"
I love my boyfriend!,,1,,,,,,1,1,1,,,,,,,,,,,,,,,,,0,1,0,User is feeling a lot of love for their boyfriend.,,"Aw, I am happy of you. Here’s some art that will hopefully make your heart swell.",,,,,,,,"ttM3fSlVBEKsBKgpDDFy, BEghMxjPmigKpRUY0B6x"
I love my boyfriend.,,1,,,,,,1,1,1,,,,,,,,,,,,,,,,,0,1,0,User is feeling love for their boyfriend.,,"Aw, I am happy of you. Here’s some art that will hopefully make your heart swell.",,,,,,,,"ttM3fSlVBEKsBKgpDDFy, BEghMxjPmigKpRUY0B6x"
I love my family!,,1,,,,,,1,1,1,,,,,,,,,,,,,,,,,0,1,0,User is feeling a lot of love for their family.,"User is seeking art that reflects family, love and connections. Reminding them that in life; it’s the people and beings around us that matter most.",That love is so important. It’s so important to keep family close and cherish them.,,,,,,,,"ttM3fSlVBEKsBKgpDDFy, ECv9xW9u10JBogZctA4x"
I love my family.,,1,,,,,,1,1,1,,,,,,,,,,,,,,,,,0,1,0,User is feeling love for their family.,"User is seeking art that reflects family, love and connections. Reminding them that in life; it’s the people and beings around us that matter most.",That love is so important. It’s so important to keep family close and cherish them.,,,,,,,,ttM3fSlVBEKsBKgpDDFy
I love my girlfriend!,,1,,,,,,1,1,1,,,,,,,,,,,,,,,,,0,1,0,User is feeling a lot of love for their girlfriend.,User is seeking art that reflects love and connections. Reminding them that in life; it’s the people and beings around us that matter most.,"Aw, I am happy of you. Here’s some art that will hopefully make your heart swell.",,,,,,,,"ttM3fSlVBEKsBKgpDDFy, BEghMxjPmigKpRUY0B6x"
I love my girlfriend.,,1,,,,,,1,1,1,,,,,,,,,,,,,,,,,0,1,0,User is feeling love for their girlfriend.,User is seeking art that reflects love and connections. Reminding them that in life; it’s the people and beings around us that matter most.,"Aw, I am happy of you. Here’s some art that will hopefully make your heart swell.",,,,,,,,"ttM3fSlVBEKsBKgpDDFy, BEghMxjPmigKpRUY0B6x"
I love my life.,,,,,,,1,1,1,,,,,,,,,,,,,,,,,,0,1,0,User is feeling grateful to be alive.,,There is nothing better.,,,,,,,,BEghMxjPmigKpRUY0B6x
I love my partner!,,1,,,,,,1,1,1,,,,,,,,,,,,,,,,,0,1,0,User is feeling a lot of love for their partner.,,,,,,,,,,
I love winter!,,,,,,,1,,1,,,,,,,,,,,,,,,,,,0,1,0,User enjoys the winter season and cold weather.,,,,,,,,,,
I love winter.,,,,,,,,,1,,,,,,,,,,,,,,,,,,0,1,0,User enjoys the winter season.,,,,,,,,,,
I need something to lift my spirits!,,0,0,0,0,,0,0,0,0,0,0,0,,,,,,,,,,,,,,1,0,1,User is stuck is emerging out of a cycle of negativity and is seeking validation and encouragement.,"User is seeking art that is solemn, and art that has movement and energy in order to get them motivated. ",Here's a piece to brighten your day and lift your spirits.,,,,,,,,Ibs2vCic2ZjxsRlkAFWC
I need something to lift my spirits.,,0,0,0,0,,0,0,0,0,0,0,0,,,,,,,,,,,,,,1,0,1,User is stuck is emerging out of a cycle of negativity and is seeking validation and encouragement.,"User is seeking art that is solemn, and art that has movement and energy in order to get them motivated. ",Here's a piece to brighten your day and lift your spirits.,,,,,,,,Ibs2vCic2ZjxsRlkAFWC
I really enjoyed going out tonight.,,,,,1,,1,1,1,,1,,,,,,,,,,,,,,,,0,1,0,,,,,,,,,,,
I really enjoyed going out.,,,,,1,,1,1,1,,1,,,,,,,,,,,,,,,,0,1,0,,,,,,,,,,,
I really enjoyed the day.,,,,,,,,1,1,,1,,,,,,,,,,,,,,,,0,1,0,,,,,,,,,,,
I really enjoyed the game tonight.,,,,,1,,1,1,1,,,,,,,,,,,,,,,,,,0,1,0,,,,,,,,,,,
I really let my team down tonight.,,,,,,,,,,,,,,,,1,,1,,,,,1,,,,1,0,0,0,,,,,,,,,,
I want to get fired up this morning.,,,,,,,1,,1,,1,,,,,,,,,,,,,,,,0,1,0,"User is waking to the morning, feeling positive, motivated, and is seeking further encouragement.",User is seeking art that has movement and energy; keeping them motivated. ,You are smart! So smart! Check out this ,,,,,,,,"TbdFRlmPgNrWwrD5jyjM, BEghMxjPmigKpRUY0B6x"
I want to live in a better world.,,0,0,0,0,,0,0,0,0,0,0,0,,,,,,,,,,,,,,1,0,1,User finds the injustices of the world to be overwhelming an dis longing for a better place to exist; they are in need of support and solidarity.,,"It would truly be nice to live in the world that respects all life and people. Although it seems daunting, we can certainly gather his community in conquer of our problems without the hand of fascism.",,,,,,,,
I want to see art about being trans,,,,1,,,,,,1,,1,,,,,,,,,,,,,,,0,1,1,,,,,,,,,,,HfFQTCaopQ8cK8mCXY4H
I want to see something cool.,,,,,,1,1,,1,,,,,,,,,,,,,,,,,,0,1,0,User is feeling curious and inspired.,User is seeking art that will invoke awe.,,,,,,,,,
I want to see something mysterious.,,,,,,1,,,,,,,,,,,,,,,,,,,,,0,1,1,User wants something to make them think; challenge their mind.,,Nothing like diving into the mystery. Check out this art that will charge your imagination.,,,,,,,,
I wonder what class will be like tomorrow?,,,,,,1,1,,,,,,,,,,,,,,,,,,,,0,0,1,,,,,,,,,,,
I'm ecstatic about the opportunities ahead!,,,,,,1,1,,,,1,,,,,,,,,,,,,,,,0,1,0,"User is optimistic, feeling positive, motivated, and is seeking further encouragement.",,That's fantastic! Here's an uplifting piece to celebrate your optimism.,,,,,,,,BEghMxjPmigKpRUY0B6x
I'm full of energy and ready to take on the world!,,,,,,1,1,,1,,1,,,,,,,,,,,,,,,,0,1,0,"User is optimistic, feeling energized, motivated, and is seeking further encouragement.",,Channel that energy with this vibrant and dynamic artwork.,,,,,,,,Ibs2vCic2ZjxsRlkAFWC
I’m going to pass this test!,,,,,,,1,,1,,1,,,,,,,,,,,,,,,,0,1,0,User has a test coming up and they are feeling positive about what the outcome will be.,"User is seeking art that reminds them of the success found from hard, passionate studying and effort. Encouraging them to continue the journey of learning.",,,,,,,,,
I'm happy to be alive!,,,1,,,,1,,1,,1,,,,,,,,,,,,,,,,0,1,0,"User is optimistic, feeling positive, motivated, and is seeking further encouragement.","User is seeking art the is colorful, encouraging and lively. Reflecting their grateful, positive outlook on life.","Life is a wonderful thing, and we should respect it everywhere!",,,,,,,,"TbdFRlmPgNrWwrD5jyjM, BEghMxjPmigKpRUY0B6x"
I'm nervous.,,0,0,0,0,,0,0,0,0,0,0,0,,,,,,,,,,,,,,1,0,1,User is seeking peace and balance to stabilize them.,,,,,,,,,,HfFQTCaopQ8cK8mCXY4H
I’m not going to pass the test…,,0,0,0,0,,0,0,0,0,0,0,0,,,1,,1,,1,1,,,1,,,1,0,0,User has a test coming up and they are feeling very negative about what the outcome will be.,,We won't always succeed at every single golden life. But it's in those moments that we are defined by our decisions to not quit. No matter what happens we can always do better next time.,1,0,0,1,0,1,1,
I'm not going to pass.,,0,0,0,0,,0,0,0,0,0,0,0,1,,1,,1,,1,1,,,1,,,1,0,0,User has a test coming up and they are feeling very negative about what the outcome will be.,,We won't always succeed at every single golden life. But it's in those moments that we are defined by our decisions to not quit. No matter what happens we can always do better next time.,1,0,0,1,0,1,1,
I'm ready for the game!,,,,,,,1,,1,,1,,,,,,,,,,,,,,,,0,1,0,User is optimistic about the sports event happening. They are feeling excited and seeking more positive energy.,User is seeking art that reminds them of the honorable spirit of competition. Giving them motivation to play at their best and encourage their team.,"Oh ya! Today is going to be crazy exciting! Have fun, make all the memories you can, and don’t forget them! :)",,,,,,,,TbdFRlmPgNrWwrD5jyjM
I'm ready to ace this assessment!,,,,,,,1,,,,1,,1,,,,,,,,,,,,,,0,1,0,User has a test coming up and they are feeling very positive about what the outcome will be.,"User is seeking art that reminds them of the success found from hard, passionate studying and effort. Encouraging them to continue the journey of learning.","Oh ya!! You’ve been studying hard, and you are going to show them just how big your brain has become!",,,,,,,,TbdFRlmPgNrWwrD5jyjM
I'm ready to ace this test!,,,,,,,1,,,,1,,1,,,,,,,,,,,,,,0,1,0,User has a test coming up and they are feeling very positive about what the outcome will be.,,"Oh ya!! You’ve been studying hard, and you are going to show them just how big your brain has become!",,,,,,,,TbdFRlmPgNrWwrD5jyjM
I'm really proud of my class!,,1,,,,,1,,1,1,1,,1,,,,,,,,,,,,,,0,1,0,,,,,,,,,,,
I'm really proud of my class.,,1,,,,,1,,1,1,,,,,,,,,,,,,,,,,0,1,0,,,,,,,,,,,
I'm really proud of my team!,,1,,,,,1,,1,1,,,1,,,,,,,,,,,,,,0,1,0,,,,,,,,,,,
I'm sad.,,0,0,0,0,,0,0,0,0,0,0,0,,,,,,,,,,,,,,1,0,0,User is needing to process some negative emotions.,User is seeking art that will help them move through their feelings and bring up what is unknown in order to break the cycle. Art that will make one feel; but will help them move through it with action.,It's good to be vulnerable. Here's some art that may fill your heart.,,,,,,,,Ibs2vCic2ZjxsRlkAFWC
I'm thrilled about what’s happening.,,,,,,,1,1,1,,,,,,,,,,,,,,,,,,0,1,0,User is feeling optimistic about what is happening in their life.,User is seeking art that has movement and energy; keeping them motivated. ,"That's wonderful! Here's some uplifting, art to reinforce that excitement!",,,,,,,,BEghMxjPmigKpRUY0B6x
It was a fun day.,,,,,,,,1,1,,,,,,,,,,,,,,,,,,0,1,0,,,,,,,,,,,
It was a fun night.,,,,,,,,1,1,,,,,,,,,,,,,,,,,,0,1,0,,,,,,,,,,,
Justice now!,,0,0,0,1,,0,0,0,0,1,0,0,,,,,,,,,,,,,,1,1,1,User finds the injustices of the world to be overwhelming and is longing for a better place to exist; they are in need of support and solidarity.,User is seeking art that calls people to action.,,,,,,,,,ECv9xW9u10JBogZctA4x
Justice!,,0,0,0,1,,0,0,0,0,1,0,0,,,,,,,,,,,,,,1,1,1,User finds the injustices of the world to be overwhelming and is longing for a better place to exist; they are in need of support and solidarity.,User is seeking art that calls people to action.,,,,,,,,,ECv9xW9u10JBogZctA4x
Life feels overwhelming today.,,0,0,0,0,,0,0,0,0,0,0,0,,,,,,,,,,,,,,1,0,1,User has a lot going on in their life or one particular event or subject is really taking a toll on their mental state. ,,It's okay to feel overwhelmed. Take a moment to reflect with this calming piece.,,,,,,,,VTD3CSIMGUjmszBwGsij
Life is good!,,,,,,,1,,1,,1,,,,,,,,,,,,,,,,0,1,0,"User is optimistic, feeling positive, motivated, and is seeking further encouragement.",User is seeking art that has movement and energy; keeping them motivated. ,"It's great when things work out! Here's some uplifting, art to reinforce that excitement!",,,,,,,,BEghMxjPmigKpRUY0B6x
Life is good.,,,,,,,,,1,,1,,1,,,,,,,,,,,,,,0,1,0,"User is optimistic, feeling positive, motivated, and is seeking further encouragement.",User is seeking art that keeps them motivated. ,,,,,,,,,
Life sucks.,,0,0,0,0,,0,0,0,0,0,0,0,,,,,,,,,,,,,,1,0,0,User is stuck in a cycle of negativity and needs validation and comfort.,User is seeking art that will uplift them out of their dark cloud of thought and negativity and stabilize their nervous system.,Every day won't be the best; but we can certainly seek out beauty whereever we are. May I invite you to look at this art?,,,,,,,,Ibs2vCic2ZjxsRlkAFWC
"Life, wow!",,,1,,,1,1,,,,1,,,,,,,,,,,,,,,,0,1,0,"User is optimistic, feeling positive, motivated, and is seeking further encouragement.",User is seeking art that reflects the unexplainable mechanisms and beautiful beings that make up the world we live in.,It's such a thing to be alive!,,,,,,,,BEghMxjPmigKpRUY0B6x
Life!,,0,0,0,0,,0,0,0,0,0,0,0,,,,,,,,,,,,,,1,0,0,User is needing to process some negative emotions.,User is seeking art that will uplift them out of their dark cloud of thought and negativity and stabilize their nervous system.,Every day won't be the best; but we can certainly seek out beauty whereever we are. May I invite you to look at this art?,,,,,,,,Ibs2vCic2ZjxsRlkAFWC
Life.,,0,0,0,0,,0,0,0,0,0,0,0,,,,,,,,,,,,,,1,0,0,User is stuck in a cycle of negativity and needs validation and comfort.,User is seeking art that will uplift them out of their dark cloud of thought and negativity and stabilize their nervous system.,Here's a piece to brighten your day and lift your spirits.,,,,,,,,"Ibs2vCic2ZjxsRlkAFWC, HfFQTCaopQ8cK8mCXY4H"
Life…,,0,0,0,0,,0,0,0,0,0,0,0,,,,,,,,,,,,,,1,0,0,User is stuck in a cycle of negativity and needs validation and comfort.,User is seeking art that will help them move through their feelings and bring up what is unknown in order to break the cycle. Art that will make one feel; but will help them move through it with action.,Here's a piece to brighten your day and lift your spirits.,,,,,,,,"Ibs2vCic2ZjxsRlkAFWC, HfFQTCaopQ8cK8mCXY4H"
Life…,,0,0,0,0,,0,0,0,0,0,0,0,,,,,,,,,,,,,,1,0,1,"User is needing a chance to refocus, balance, and meditate on what’s important to them.",User is seeking art that encourages the unpredictable nature of life.,Life isn't always what we wanted to be or what we expected to be. You can have many twist and turns. However we can make choices and that make our life story more interesting every moment.,,,,,,,,
My family is doing well.,,,,,,,,,,,,,,,,,,,,,,,,,,,0,1,0,"User has a family that is doing well, feeling positive, motivated, and is seeking further encouragement.","User is seeking art that reminds them of family, connection, and love.","Aw, that's so wodnerful. Here's some happy family vibes for you''",,,,,,,,BEghMxjPmigKpRUY0B6x
My team really showed up tonight!,,,,,,,,,,,,,,,,,,,,,,,,,,,0,1,0,User just won an exciting game with their team.,"User is seeking art that reminds them of a community, connection, and working together for a common goal.",,,,,,,,,
Nothing is going well.,,0,0,0,0,,0,0,0,0,0,0,0,,,,,,,,,,,,,,1,0,0,User is stuck in a cycle of negativity and needs validation and encouragement.,User is seeking art that will help them move through their feelings and bring up what is unknown in order to break the cycle. Art that will make one feel; but will help them move through it with action.,Life can certainly get tough. here's some art that may uplift you.,,,,,,,,Ibs2vCic2ZjxsRlkAFWC
Nothing is going well.,,0,0,0,0,,0,0,0,0,0,0,0,,,,,,,,,,,,,,1,0,0,User is stuck in a cycle of negativity and needs validation and encouragement.,User is seeking art that will help them move through their feelings and bring up what is unknown in order to break the cycle. Art that will make one feel; but will help them move through it with action.,Sometimes it is good to feel into that. Here's some art that may help you process.,,,,,,,,Ibs2vCic2ZjxsRlkAFWC
"Pride, now!",,,1,,1,,,,1,,1,1,,,,,,,,,,,,,,,0,1,1,,"User is seeking art that reminds them of pride, love, and solidarity.",,,,,,,,,ECv9xW9u10JBogZctA4x
"Pride, now!",,,,,0,,,,0,,0,0,,1,,,,,,,,1,1,1,,,1,0,1,,"User is seeking art that reminds them of pride, love, and solidarity.",,,,,,,,,ECv9xW9u10JBogZctA4x
Pride!,,,,,0,,,,0,,0,1,,,,,,,1,1,,1,,1,,,1,0,1,,"User is seeking art that reminds them of pride, love, and solidarity.",,,,,,,,,ECv9xW9u10JBogZctA4x
Show me something cool!,,,,,,1,1,,1,,,,,,,,,,,,,,,,,,0,1,0,,User is seeking art that will give them a new perspective and give them a sense of awe.,,,,,,,,,
Show me something cool.,,,,,,1,1,,,,,,,,,,,,,,,,,,,,0,1,1,User wants something to make them think; challenge their mind.,,Something worth telling your friends about? I've got you covered!,,,,,,,,
Show me something different.,,,,,,1,,,,,,,,,,,,,,,,,,,,,0,1,1,User wants something to make them think; challenge their mind.,User is seeking art that will give them a new perspective.,I hope that this art is some thing that you haven't seen before or at least brings up some thing worth thinking about.,,,,,,,,
Show me something mysterious.,,,,,1,1,,,,,,,,,,,,,,,,,,,,,0,1,1,User wants something to make them think; challenge their mind.,,Nothing like diving into the mystery. Check out this art that will charge your imagination.,,,,,,,,
So stupid!,,0,0,0,0,,0,0,0,0,0,0,0,,1,,1,1,,,1,,1,1,,,1,0,0,User is needing to process some negative emotions from a bad situation.,User is seeking art that will help them move through their feelings and bring up what is unknown in order to break the cycle. Art that will make one feel; but will help them move through it with action.,"It sucks when a dumb situation happens. However, we can turn ourselves around by going to new surroundings.",0,0,0,0,1,1,0,
So stupid!,,0,0,0,0,,0,0,0,0,0,0,0,,1,,1,,,,,,,,,1,1,0,0,User is needing to process some negative emotions from a bad situation.,User is seeking art that will help them move through their feelings and bring up what is unknown in order to break the cycle. Art that will make one feel; but will help them move through it with action.,"It sucks when a dumb situation happens. However, we can turn ourselves around by going to new surroundings.",0,0,0,0,1,1,0,
So stupid.,,0,0,0,0,,0,0,0,0,0,0,0,,1,,1,,,,,,,,,,1,0,1,User is needing to process some negative emotions.,,"Ya, sometimes things just don't make sense. Hopefully this art can help put things back in order.",,,,,,,,Ibs2vCic2ZjxsRlkAFWC
Something cool.,,,,,,1,,,,,,,,,,,,,,,,,,,,,0,1,0,,User is seeking art that will give them a new perspective and give them a sense of awe.,Something worth telling your friends about? I've got you covered!,,,,,,,,
Something different.,,,,,,1,,,,,,,,,,,,,,,,,,,,,0,1,1,User wants something to make them think; challenge their mind.,User is seeking art that will give them a new perspective.,I hope that this art is some thing that you haven't seen before or at least brings up some thing worth thinking about.,,,,,,,,
The game didn't go well tonight.,,,,,,,,,,,,,,,,1,,1,,,1,,,,,1,1,0,0,,,,,,,,,,,
The game tonight went really well.,,1,1,,,,1,,,,1,1,,,,,,,,,,,,,,,0,1,0,,,,,,,,,,,
The moon is out!,,1,1,,,,1,1,,,1,,,,,,,,,,,,,,,,0,1,0,"User is or has experienced the outdoors tonight, noticing how beautiful the Moon is. This has put them in a state of awe and reflection. They are seeking more beauty and art encouraging reflection. They are seeking more beauty and art encouraging reflection.",User is seeking more beauty and art encouraging reflection.,"It's wonderful that you've taken time out to enjoy the world around you. The Earth is a beautiful place, and the moon is a significant part of that beauty.",,,,,,,,HfFQTCaopQ8cK8mCXY4H
The sun is beaming!,,1,1,,,,1,1,,,1,,0,,,,,,,,,,,,,,0,1,0,"User is or has experienced the outdoors today, noticing how beautiful the Sun is. This has put them in a state of awe and reflection. They are seeking more beauty and art encouraging reflection. They are seeking more beauty and art encouraging reflection.",User is seeking more beauty and art encouraging reflection.,I hope you've had time to enjoy it! Here's some beautiful art to go with your beautiful day!,,,,,,,,BEghMxjPmigKpRUY0B6x
The weather has turned out to be so nice today.,,1,1,,,,,1,,,1,,1,,,,,,,,,,,,,,0,1,0,User is or has experienced the outdoors today. This has put them in a state of awe and reflection. They are seeking more beauty and art encouraging reflection. They are seeking more beauty and art encouraging reflection.,User is seeking more beauty and art encouraging reflection.,I hope you've had time to enjoy it! Here's some beautiful art to go with your beautiful day!,,,,,,,,BEghMxjPmigKpRUY0B6x
The weather is beautiful.,,1,1,,,,,1,1,,1,,1,,,,,,,,,,,,,,0,1,0,User is or has experienced the outdoors today. This has put them in a state of awe and reflection. They are seeking more beauty and art encouraging reflection. They are seeking more beauty and art encouraging reflection.,User is seeking more beauty and art encouraging reflection.,I hope you've had time to enjoy it! Here's some beautiful art to go with your beautiful day!,,,,,,,,BEghMxjPmigKpRUY0B6x
The weather is cold.,,0,0,0,0,,0,0,0,0,0,0,0,,,,,,,,,,,,,,1,0,1,User is seeking feelings of warmth and care. Reminders of coziness.,User is seeking art that reminds them of warmth and coziness.,Cold days are great days to take it slow. Here’s some art that will slow you down.,,,,,,,,"HfFQTCaopQ8cK8mCXY4H, cold placeholder"
The weather is gloomy.,,0,0,0,0,,0,0,0,0,0,0,0,,,1,,,1,,,1,,,,,1,0,0,User is experiencing negative emotions due to the weather.,User is seeking art that reminds them of warmer more summer; the warmth and the beauty of all the living beings around.,"I know, sometimes the gloomy days can really bring down the mood. Here’s some contemplative art that will make you think, and might turn the day around.",,,,,,,,Ibs2vCic2ZjxsRlkAFWC
The weather is gorgeous!,,1,1,,,,1,1,1,,1,,1,,,,,,,,,,,,,,0,1,0,User is or has experienced the outdoors today. Making them feel energized and excited for what’s ahead! This has put them in a state of awe and reflection. They are seeking more beauty and art encouraging reflection.,User is seeking more beauty and art encouraging reflection.,,,,,,,,,"BEghMxjPmigKpRUY0B6x, ECv9xW9u10JBogZctA4x"
The weather is gorgeous.,,1,1,,,,,1,1,,1,,1,,,,,,,,,,,,,,0,1,0,User is or has experienced the outdoors today. This has put them in a state of awe and reflection. They are seeking more beauty and art encouraging reflection.,User is seeking more beauty and art encouraging reflection.,I hope you've had time to enjoy it! Here's some beautiful art to go with your beautiful day!,,,,,,,,BEghMxjPmigKpRUY0B6x
The weather is nice.,,1,1,,,,,1,1,,,,1,,,,,,,,,,,,,,0,1,0,User is or has experienced the outdoors today. This has put them in a state of awe and reflection. They are seeking more beauty and art encouraging reflection.,User is seeking more beauty and art encouraging reflection.,I hope you've had time to enjoy it! Here's some beautiful art to go with your beautiful day!,,,,,,,,BEghMxjPmigKpRUY0B6x
The world sucks.,,0,0,0,0,,0,0,0,0,0,0,0,,1,1,1,,1,,,1,,,,,1,0,0,User finds the injustices of the world to be overwhelming; and needs support in solidarity and affirming their values.,User is seeking art that calls people to action.,It's ok to feel that way. Sometimes the world is really horrible and we need to be hoenst about it. Here is some art that will help you feel some solidarity.,1,0,0,1,1,0,1,Ibs2vCic2ZjxsRlkAFWC
The world sucks…,,0,0,0,0,,0,0,0,0,0,0,0,,1,1,1,,1,,,1,1,1,,,1,0,0,User finds the injustices of the world to be overwhelming; and needs support in solidarity and affirming their values.,User is seeking art that calls people to action.,,1,0,0,1,1,0,1,
The world sucks…,,0,0,0,0,,0,0,0,0,0,0,0,1,,1,1,,1,,,1,1,1,1,,1,0,0,User finds the injustices of the world to be overwhelming; and needs support in solidarity and affirming their values.,User is seeking art that calls people to action.,,1,0,0,1,1,0,1,
Thought provoking.,,,,,1,1,,,,,,,,,,,,,,,,,,,,,0,1,1,User wants something to make them think; challenge their mind.,User is seeking art that challenges thinking and provokes thought.,I hope that this art can inspire some interesting thoughts.,,,,,,,,
Today is kind of lame.,,0,0,0,0,,0,0,0,0,0,0,0,,,,,,,,,,,,,,1,0,0,User is needing to process some negative emotions that came about from the days events.,User is seeking art that will energize them and show them the beauty of life.,Every day won't be the best; but we can certainly seek out beauty whereever we are. May I invite you to look at this art?,1,0,1,0,0,0,1,Ibs2vCic2ZjxsRlkAFWC
Today sucks.,,0,0,0,0,,0,0,0,0,0,0,0,,,,,,,,,,,,,,1,0,0,User is needing to process some negative emotions that came about from the days events.,User is seeking art that will help them move through their feelings and bring up what is unknown in order to break the cycle. Art that will make one feel; but will help them move through it with action.,A bad day can really take its toll. I invite you to take time processing that through art and maybe some journaling.,0,0,1,,1,0,1,Ibs2vCic2ZjxsRlkAFWC
Ugh.,,0,0,0,0,,0,0,0,0,0,0,0,,,,,,,,,,,,,,1,0,0,User is needing to process some negative emotions.,User is seeking art that will help them move through their feelings and bring up what is unknown in order to break the cycle. Art that will make one feel; but will help them move through it with action.,Every day won't be the best; but we can certainly seek out beauty whereever we are. May I invite you to look at this art?,,,,,,,,Ibs2vCic2ZjxsRlkAFWC
What’s cool?,,,,,,1,,,,,,,,,,,,,,,,,,,,,0,1,0,,User is seeking art that will give them a new perspective and give them a sense of awe.,,,,,,,,,
Why should I care about art?,,,,,,1,,,,,,,,,,,,,,,,,,,,,0,0,1,,,,,,,,,,,
Winter…,,0,0,0,0,,0,0,0,0,0,0,0,,,,,,,,,,,,,,1,0,1,User does not like winter., They are seeking feelings of warmth and care. Reminders of coziness.,We can be a dead and cold season. However if you look closely there's a lot of beauty to be seen. It's a time to reflect on the value of the cycles of death around and how that translates into life everywhere.,,,,,,,,
Wow! Class was awesome today!,,1,1,,,,1,1,1,,1,,,,,,,,,,,,,,,,0,1,0,User just had a great class and is feeling positive and motivated by their education.,"User is seeking art that reminds them of the success found from hard, passionate studying and effort. Encouraging them to continue the journey of learning.",Woohoo! Let’s get it!,,,,,,,,TbdFRlmPgNrWwrD5jyjM
Yo!,,,,,,,,,,,,,,,,,,,,,,,,,,,,,,,,,,,,,,,,
Yo! What’s up?,,,,,,,,,,,,,,,,,,,,,,,,,,,,,,,,,,,,,,,,
What's up?,,,,,,,,,,,,,,,,,,,,,,,,,,,,,,,,,,,,,,,,
Hey.,,,,,,,,,,,,,,,,,,,,,,,,,,,,,,,,,,,,,,,,
Hey!,,,,,,,,,,,,,,,,,,,,,,,,,,,,,,,,,,,,,,,,
Hi.,,,,,,,,,,,,,,,,,,,,,,,,,,,,,,,,,,,,,,,,
Hi!,,,,,,,,,,,,,,,,,,,,,,,,,,,,,,,,,,,,,,,,
Hello.,,,,,,,,,,,,,,,,,,,,,,,,,,,,,,,,,,,,,,,,
Hello!,,,,,,,,,,,,,,,,,,,,,,,,,,,,,,,,,,,,,,,,
I don’t know.,,,,,,,,,,,,,,,,,,,,,,,,,,,,,,,,,,,,,,,,
I don’t know…,,,,,,,,,,,,,,,,,,,,,,,,,,,,,,,,,,,,,,,,
I don't know!,,,,,,,,,,,,,,,,,,,,,,,,,,,,,,,,,,,,,,,,
I don't know?,,,,,,,,,,,,,,,,,,,,,,,,,,,,,,,,,,,,,,,,
Meh.,,,,,,,,,,,,,,,,,,,,,,,,,,,,,,,,,,,,,,,,
Meh…,,,,,,,,,,,,,,,,,,,,,,,,,,,,,,,,,,,,,,,,
Hm.,,,,,,,,,,,,,,,,,,,,,,,,,,,,,,,,,,,,,,,,
Hm…,,,,,,,,,,,,,,,,,,,,,,,,,,,,,,,,,,,,,,,,